{"mean": [40.36223162106307, 1105.1913924415908, 8.649900152175595, 28.587199405998984, 10.497057641441394, 1.7581702062932723], "std": [26.117889245659015, 798.1084056461118, 9.816166517013855, 20.260752132709964, 4.28563515486394, 1.04923990005156], "classes": ["AGGRESSIVE", "NORMAL", "SLOW"]}